{"assets/images/auto.png":["assets/images/auto.png"],"assets/images/back.png":["assets/images/back.png"],"assets/images/bg1.png":["assets/images/bg1.png"],"assets/images/bg2.png":["assets/images/bg2.png"],"assets/images/bg2_reduce.jpg":["assets/images/bg2_reduce.jpg"],"assets/images/check.png":["assets/images/check.png"],"assets/images/logo.png":["assets/images/logo.png"],"assets/images/logo_i.png":["assets/images/logo_i.png"],"assets/images/logo_no.png":["assets/images/logo_no.png"],"assets/images/logo_one.png":["assets/images/logo_one.png"],"assets/images/logo_one2.png":["assets/images/logo_one2.png"],"assets/images/logo_p.png":["assets/images/logo_p.png"],"assets/images/logo_v.png":["assets/images/logo_v.png"],"assets/images/number.png":["assets/images/number.png"],"assets/images/print.png":["assets/images/print.png"],"assets/images/user.png":["assets/images/user.png"],"packages/cupertino_icons/assets/CupertinoIcons.ttf":["packages/cupertino_icons/assets/CupertinoIcons.ttf"],"packages/fluttertoast/assets/toastify.css":["packages/fluttertoast/assets/toastify.css"],"packages/fluttertoast/assets/toastify.js":["packages/fluttertoast/assets/toastify.js"]}